{"Error_PEHE": 4294.93380996, "Error_ATE": 64.95244010679582, "MSE_0": 13460.269110660833, "MSE_1": 6311.870820973147}