{"Error_PEHE": 1.0631333058856498, "Error_ATE": 0.01261586002276184, "MSE_0": 1.0234520767506128, "MSE_1": 1.851718507060192}