{"Error_PEHE": 0.7771096663374425, "Error_ATE": 0.043965904556372185, "MSE_0": 0.9931388988192685, "MSE_1": 1.6025753470194277}