{"Error_PEHE": 0.7946020426225444, "Error_ATE": 0.008214900784351834, "MSE_0": 0.980980078184077, "MSE_1": 1.6846479628929223}