{"Error_PEHE": 0.9072937814770738, "Error_ATE": 0.040285921238520164, "MSE_0": 0.9851183086840632, "MSE_1": 1.7102807411892442}