{"Error_PEHE": 371.7653547772586, "Error_ATE": 17.194505536483312, "MSE_0": 6322.267453071787, "MSE_1": 5837.517060917402}