{"Error_PEHE": 365.25089670010414, "Error_ATE": 16.414092994477382, "MSE_0": 3405569.0126245664, "MSE_1": 3396283.4859609953}