{"Error_PEHE": 0.7489712209642511, "Error_ATE": 0.002714140757760986, "MSE_0": 0.9853051341875384, "MSE_1": 1.6289208537377018}