{"Error_PEHE": 112.70061564716781, "Error_ATE": 4.1075725324412495, "MSE_0": 3408248.0671690325, "MSE_1": 3404941.232389868}