{"Error_PEHE": 1420.2778718141144, "Error_ATE": 36.662835919784094, "MSE_0": 315882.4842923105, "MSE_1": 280001.17428191664}