{"Error_PEHE": 0.8110098929907531, "Error_ATE": 0.010839876670233003, "MSE_0": 0.9860015034728409, "MSE_1": 1.692758857171483}