{"Error_PEHE": 76.12549768955294, "Error_ATE": 0.10565773255965638, "MSE_0": 246250.07836792423, "MSE_1": 246372.83668811934}