{"Error_PEHE": 1772.8156294658145, "Error_ATE": 41.191034161971594, "MSE_0": 322100.54965537897, "MSE_1": 281469.1645955287}