{"Error_PEHE": 0.807515540712565, "Error_ATE": 0.01059512509762403, "MSE_0": 0.9816384951802689, "MSE_1": 1.7060730371521597}