{"Error_PEHE": 0.8839601131480066, "Error_ATE": 0.026135856799938698, "MSE_0": 0.9650687793632503, "MSE_1": 1.7038136895898794}