{"Error_PEHE": 2392.869656372874, "Error_ATE": 48.132684552596594, "MSE_0": 319967.8767748193, "MSE_1": 273018.0978828369}