{"Error_PEHE": 0.8450019062435635, "Error_ATE": 0.021102400448015896, "MSE_0": 1.0067623423477317, "MSE_1": 1.7105929281319763}